V(V),I(microA),,
0.56662,2.9,1.00E-05,0.05
0.56713,2.6,1.00E-05,0.05
0.56749,2.15,1.00E-05,0.05
0.56813,2.1,1.00E-05,0.05
0.5693,1.4,1.00E-05,0.05
0.5698,1.1,1.00E-05,0.05
0.56975,1.05,1.00E-05,0.05
0.57027,0.55,1.00E-05,0.05
0.57096,0.15,1.00E-05,0.05
